arquivo;complexo;comunidade_pasta;placemark;geometry_type;styleUrl;fill;fill-opacity;stroke;stroke-opacity;stroke-width
01_COMPLEXO_DO_LIXAO/01_COMUNIDADE_DO_INFERNINHO.geojson;COMPLEXO DO LIXÃO;COMUNIDADE DO INFERNINHO;Comunidade do Inferninho;Polygon;#com_laranja_escuro0;#ff0000;0.6902;#ff0000;1.0;2.0
01_COMPLEXO_DO_LIXAO/02_COMUNIDADE_DIQUE_DA_PRAINHA.geojson;COMPLEXO DO LIXÃO;COMUNIDADE DIQUE DA PRAINHA;COMUNIDADE DIQUE DA PRAINHA;Polygon;#com_laranja_escuro0;#ff0000;0.6902;#ff0000;1.0;2.0
01_COMPLEXO_DO_LIXAO/03_COMUNIDADE_VILA_NOVA.geojson;COMPLEXO DO LIXÃO;COMUNIDADE VILA NOVA;COMUNIDADE DO PARQUE VILA NOVA;Polygon;#com_laranja_escuro0;#ff0000;0.6902;#ff0000;1.0;2.0
01_COMPLEXO_DO_LIXAO/04_COMUNIDADE_VILA_IDEAL.geojson;COMPLEXO DO LIXÃO;COMUNIDADE VILA IDEAL;Vila Ideal;Polygon;#com_laranja_escuro0;#ff0000;0.6902;#ff0000;1.0;2.0
02_COMPLEXO_DO_BEIRA_MAR/01_COMUNIDADE_SAO_VICENTE.geojson;COMPLEXO DO BEIRA MAR;COMUNIDADE SÃO VICENTE;Comunidade da Av. São Vicente;Polygon;#com_laranja_escuro18;#ff8c00;0.6;#ff8c00;1.0;2.0
02_COMPLEXO_DO_BEIRA_MAR/02_COMUNIDADE_VILA_OPERARIA.geojson;COMPLEXO DO BEIRA MAR;COMUNIDADE VILA OPERÁRIA;6. Vila Operária;Polygon;#com_laranja_escuro18;#ff8c00;0.6;#ff8c00;1.0;2.0
02_COMPLEXO_DO_BEIRA_MAR/03_COMUNIDADE_VILA_BEIRA_MAR.geojson;COMPLEXO DO BEIRA MAR;COMUNIDADE VILA BEIRA MAR;Vila Beira Mar;Polygon;#com_laranja_escuro18;#ff8c00;0.6;#ff8c00;1.0;2.0
02_COMPLEXO_DO_BEIRA_MAR/04_COMUNIDADE_PARQUE_DAS_MISSOES.geojson;COMPLEXO DO BEIRA MAR;COMUNIDADE PARQUE DAS MISSÕES;Parque das Missões;Polygon;#com_laranja_escuro18;#ff8c00;0.6;#ff8c00;1.0;2.0
03_COMPLEXO_DO_JARDIM_GRAMACHO/01_COMUNIDADE_DA_CHATUBA.geojson;COMPLEXO DO JARDIM GRAMACHO;COMUNIDADE DA CHATUBA;COMUNIDADE DA CHATUBA;Polygon;#com_laranja_escuro110;#ffff00;0.6;#ffff00;1.0;2.0
03_COMPLEXO_DO_JARDIM_GRAMACHO/02_COMUNIDADE_DO_COHAB.geojson;COMPLEXO DO JARDIM GRAMACHO;COMUNIDADE DO COHAB;COMUNIDADE DO COHAB;Polygon;#com_laranja_escuro110;#ffff00;0.6;#ffff00;1.0;2.0
03_COMPLEXO_DO_JARDIM_GRAMACHO/03_COMUNIDADE_DA_PARAOPEBA.geojson;COMPLEXO DO JARDIM GRAMACHO;COMUNIDADE DA PARAOPEBA;Comunidade da Paraopeba;Polygon;#com_laranja_escuro110;#ffff00;0.6;#ffff00;1.0;2.0
03_COMPLEXO_DO_JARDIM_GRAMACHO/04_COMUNIDADE_DO_DICK_1.geojson;COMPLEXO DO JARDIM GRAMACHO;COMUNIDADE DO DICK 1;COMUNIDADE DO DICK 1;Polygon;#com_laranja_escuro110;#ffff00;0.6;#ffff00;1.0;2.0
04_COMPLEXO_DO_BARRO_VERMELHO/01_COMUNIDADE_DO_BARRO_VERMELHO.geojson;COMPLEXO DO BARRO VERMELHO;COMUNIDADE DO BARRO VERMELHO;Comunidade do Barro Vermelho;Polygon;#com_laranja_escuro16;#0000ff;0.6;#0055ff;1.0;2.0
04_COMPLEXO_DO_BARRO_VERMELHO/02_COMUNIDADE_DA_JAQUEIRA.geojson;COMPLEXO DO BARRO VERMELHO;COMUNIDADE DA JAQUEIRA;COMUNIDADE DA JAQUEIRA;Polygon;#com_laranja_escuro16;#0000ff;0.6;#0055ff;1.0;2.0
04_COMPLEXO_DO_BARRO_VERMELHO/03_COMUNIDADE_DO_PANTANAL.geojson;COMPLEXO DO BARRO VERMELHO;COMUNIDADE DO PANTANAL;COMUNIDADE DO PANTANAL;Polygon;#com_laranja_escuro16;#0000ff;0.6;#0055ff;1.0;2.0
04_COMPLEXO_DO_BARRO_VERMELHO/04_COMUNIDADE_DO_MORRO_DO_SOSSEGO.geojson;COMPLEXO DO BARRO VERMELHO;COMUNIDADE DO MORRO DO SOSSEGO;Sossego;Polygon;#com_laranja_escuro16;#0000ff;0.6;#0055ff;1.0;2.0
04_COMPLEXO_DO_BARRO_VERMELHO/05_COMUNIDADE_DA_JERUSA.geojson;COMPLEXO DO BARRO VERMELHO;COMUNIDADE DA JERUSA;COMUNIDADE DA JERUSA;Polygon;#com_laranja_escuro16;#0000ff;0.6;#0055ff;1.0;2.0
05_COMPLEXO_DO_CANGULO/01_COMUNIDADE_DA_VILA_ACTURA.geojson;COMPLEXO DO CANGULO;COMUNIDADE DA VILA ACTURA;COMUNIDADE DA VILA ACTURA;Polygon;#com_laranja0;#aa0000;0.6;#aa0000;1.0;2.0
05_COMPLEXO_DO_CANGULO/02_COMUNIDADE_DO_BOM_RETIRO.geojson;COMPLEXO DO CANGULO;COMUNIDADE DO BOM RETIRO;COMUNIDADE DO BOM RETIRO;Polygon;#com_laranja0;#aa0000;0.6;#aa0000;1.0;2.0
05_COMPLEXO_DO_CANGULO/03_COMUNIDADE_DO_ANA_CLARA.geojson;COMPLEXO DO CANGULO;COMUNIDADE DO ANA CLARA;COMUNIDADE DO ANA CLARA;Polygon;#com_laranja0;#aa0000;0.6;#aa0000;1.0;2.0
05_COMPLEXO_DO_CANGULO/04_COMUNIDADE_DO_PARQUE_CHUNO.geojson;COMPLEXO DO CANGULO;COMUNIDADE DO PARQUE CHUNO;COMUNIDADE DO PARQUE CHUNO;Polygon;#com_laranja0;#aa0000;0.6;#aa0000;1.0;2.0
05_COMPLEXO_DO_CANGULO/05_COMUNIDADE_DO_RASTA.geojson;COMPLEXO DO CANGULO;COMUNIDADE DO RASTA;COMUNIDADE DO RASTA;Polygon;#com_laranja0;#aa0000;0.6;#aa0000;1.0;2.0
05_COMPLEXO_DO_CANGULO/06_COMUNIDADE_DO_CANGULO.geojson;COMPLEXO DO CANGULO;COMUNIDADE DO CANGULO;COMUNIDADE DO CANULO;Polygon;#com_laranja0;#aa0000;0.6;#aa0000;1.0;2.0
05_COMPLEXO_DO_CANGULO/07_COMUNIDADE_DA_RUA_DA_LAMA.geojson;COMPLEXO DO CANGULO;COMUNIDADE DA RUA DA LAMA;COMUNIDADE DA RUA DA LAMA;Polygon;#com_laranja0;#aa0000;0.6;#aa0000;1.0;2.0
05_COMPLEXO_DO_CANGULO/08_COMUNIDADE_DA_VILA_URUSSAI.geojson;COMPLEXO DO CANGULO;COMUNIDADE DA VILA URUSSAÍ;COMUNIDADE DA VILA URUSSAÍ;Polygon;#com_laranja0;#aa0000;0.6;#aa0000;1.0;2.0
05_COMPLEXO_DO_CANGULO/09_COMUNIDADE_DO_BURACO_QUENTE.geojson;COMPLEXO DO CANGULO;COMUNIDADE DO BURACO QUENTE;COMUNIDADE DO BURACO QUENTE;Polygon;#com_laranja0;#aa0000;0.6;#aa0000;1.0;2.0
05_COMPLEXO_DO_CANGULO/10_COMUNIDADE_DO_COREIA.geojson;COMPLEXO DO CANGULO;COMUNIDADE DO COREIA;COMUNIDADE DO COREIA;Polygon;#com_laranja0;#aa0000;0.6;#aa0000;1.0;2.0
06_COMPLEXO_DO_SAO_BENTO/01_COMUNIDADE_DICK_2.geojson;COMPLEXO DO SÃO BENTO;COMUNIDADE DICK 2;Dick 2;Polygon;#com_vermelho_escuro5;#00007f;0.6;#00007f;1.0;2.0
06_COMPLEXO_DO_SAO_BENTO/02_COMUNIDADE_DA_BEIRA_LINHA.geojson;COMPLEXO DO SÃO BENTO;COMUNIDADE DA BEIRA LINHA;COMUNIDADE DA BEIRA LINHA;Polygon;#com_vermelho_escuro5;#00007f;0.6;#00007f;1.0;2.0
06_COMPLEXO_DO_SAO_BENTO/03_COMUNIDADE_DO_SAO_BENTO.geojson;COMPLEXO DO SÃO BENTO;COMUNIDADE DO SÃO BENTO;COMUNIDADE DO SÃO BENTO;Polygon;#com_vermelho_escuro5;#00007f;0.6;#00007f;1.0;2.0
06_COMPLEXO_DO_SAO_BENTO/04_COMUNIDADE_DA_COVA_DO_BOI.geojson;COMPLEXO DO SÃO BENTO;COMUNIDADE DA COVA DO BOI;COMUNIDADE DA COVA DO BOI;Polygon;#com_vermelho_escuro5;#00007f;0.6;#00007f;1.0;2.0
06_COMPLEXO_DO_SAO_BENTO/05_COMUNIDADE_DO_PARQUE_ANGOLA_A.geojson;COMPLEXO DO SÃO BENTO;COMUNIDADE DO PARQUE ANGOLA A;COMUNIDADE DO PARQUE ANGOLA A;Polygon;#com_vermelho_escuro5;#00007f;0.6;#00007f;1.0;2.0
06_COMPLEXO_DO_SAO_BENTO/06_COMUNIDADE_DO_PARQUE_VTORIA.geojson;COMPLEXO DO SÃO BENTO;COMUNIDADE DO PARQUE VTORIA;COMUNIDADE DO PARQUE VITORIA;Polygon;#com_vermelho_escuro5;#00007f;0.6;#00007f;1.0;2.0
06_COMPLEXO_DO_SAO_BENTO/07_COMUNIDADE_DA_GARIBALDE.geojson;COMPLEXO DO SÃO BENTO;COMUNIDADE DA GARIBALDE;COMUNIDADE GARABILDE;Polygon;#com_vermelho_escuro5;#00007f;0.6;#00007f;1.0;2.0
06_COMPLEXO_DO_SAO_BENTO/08_COMUNIDADE_DO_CELTA.geojson;COMPLEXO DO SÃO BENTO;COMUNIDADE DO CELTA;Favela do Celta;Polygon;#com_vermelho_escuro5;#00007f;0.6;#00007f;1.0;2.0
06_COMPLEXO_DO_SAO_BENTO/09_COMUNIDADE_DO_PARQUE_MUISA.geojson;COMPLEXO DO SÃO BENTO;COMUNIDADE DO PARQUE MUÍSA;COMUNIDADE DO PARQUE MUÍSA;Polygon;#com_vermelho_escuro5;#00007f;0.6;#00007f;1.0;2.0
06_COMPLEXO_DO_SAO_BENTO/10_COMUNIDADE_DO_PARQUE_PANORAMA.geojson;COMPLEXO DO SÃO BENTO;COMUNIDADE DO PARQUE PANORAMA;COMUNIDADE DO PARQUE PANORAMA;Polygon;#com_vermelho_escuro5;#00007f;0.6;#00007f;1.0;2.0
06_COMPLEXO_DO_SAO_BENTO/11_COMUNIDADE_DA_JUREMA.geojson;COMPLEXO DO SÃO BENTO;COMUNIDADE DA JUREMA;COMUNIDADE DA JUREMA;Polygon;#com_vermelho_escuro5;#00007f;0.6;#00007f;1.0;2.0
06_COMPLEXO_DO_SAO_BENTO/12_COMUNIDADE_JARDIM_VISTA_ALEGRE.geojson;COMPLEXO DO SÃO BENTO;COMUNIDADE JARDIM VISTA ALEGRE;COMUNIDADE JARDIM VISTA ALEGRE;Polygon;#com_vermelho_escuro5;#00007f;0.6;#00007f;1.0;2.0
06_COMPLEXO_DO_SAO_BENTO/13_COMUNIDADE_DO_PILAR.geojson;COMPLEXO DO SÃO BENTO;COMUNIDADE DO PILAR;COMUNIDADE DO PILAR;Polygon;#com_vermelho_escuro5;#00007f;0.6;#00007f;1.0;2.0
07_COMPLEXO_DA_MANGUEIRINHA/01_COMUNIDADE_DO_MORRO_DO_SAO_PEDRO.geojson;COMPLEXO DA MANGUEIRINHA;COMUNIDADE DO MORRO DO SÃO PEDRO;COMUNIDADE DO MORRO DO SÃO PEDRO;Polygon;#com_amarelo_claro05;#ff5500;0.6;#ff5500;1.0;2.0
07_COMPLEXO_DA_MANGUEIRINHA/02_COMUNIDADE_DO_CORTE_OITO.geojson;COMPLEXO DA MANGUEIRINHA;COMUNIDADE DO CORTE OITO;COMUNIDADE DO CORTE OITO;Polygon;#com_amarelo_claro05;#ff5500;0.6;#ff5500;1.0;2.0
07_COMPLEXO_DA_MANGUEIRINHA/03_COMUNIDADE_DO_MORRO_DO_COQUEIRINHO.geojson;COMPLEXO DA MANGUEIRINHA;COMUNIDADE DO MORRO DO COQUEIRINHO;COMUNIDADE DO MORRO DO COQUEIRINHO;Polygon;#com_amarelo_claro05;#ff5500;0.6;#ff5500;1.0;2.0
07_COMPLEXO_DA_MANGUEIRINHA/04_COMUNIDADE_MANGUEIRINHA.geojson;COMPLEXO DA MANGUEIRINHA;COMUNIDADE MANGUEIRINHA;COMUNIDADE DA MANGUEIRINHA;Polygon;#com_amarelo_claro05;#ff5500;0.6;#ff5500;1.0;2.0
07_COMPLEXO_DA_MANGUEIRINHA/05_COMUNIDADE_DO_MORRO_LAGOINHA.geojson;COMPLEXO DA MANGUEIRINHA;COMUNIDADE DO MORRO LAGOINHA;COMUNIDADE DO MORRO DA LAGOINHA;Polygon;#com_amarelo_claro05;#ff5500;0.6;#ff5500;1.0;2.0
07_COMPLEXO_DA_MANGUEIRINHA/06_COMUNIDADE_DO_SANTUARIO.geojson;COMPLEXO DA MANGUEIRINHA;COMUNIDADE DO SANTUÁRIO;COMUNIDADE DO SANTUÁRIO;Polygon;#com_amarelo_claro05;#ff5500;0.6;#ff5500;1.0;2.0
07_COMPLEXO_DA_MANGUEIRINHA/07_COMUNIDADE_DO_MORRO_DO_SAPO.geojson;COMPLEXO DA MANGUEIRINHA;COMUNIDADE DO MORRO DO SAPO;COMUNIDADE DO MORRO SAPO;Polygon;#com_amarelo_claro05;#ff5500;0.6;#ff5500;1.0;2.0
08_COMPLEXO_DO_VAI_QUEM_QUER/01_COMUNIDADE_DA_RUA_12.geojson;COMPLEXO DO VAI QUEM QUER;COMUNIDADE DA RUA 12;COMUNIDADE DA RUA 12;Polygon;#com_amarelo2120;#00aa00;0.702;#00aa00;1.0;2.0
08_COMPLEXO_DO_VAI_QUEM_QUER/02_COMUNIDADE_DO_BERRA_BOI.geojson;COMPLEXO DO VAI QUEM QUER;COMUNIDADE DO BERRA BOI;COMUNIDADE DO BERRA BOI;Polygon;#com_amarelo2120;#00aa00;0.702;#00aa00;1.0;2.0
08_COMPLEXO_DO_VAI_QUEM_QUER/03_COMUNIDADE_DO_VAI_QUEM_QUER.geojson;COMPLEXO DO VAI QUEM QUER;COMUNIDADE DO VAI QUEM QUER;COMUNIDADE DO VAI QUEM QUER;Polygon;#com_amarelo2120;#00aa00;0.702;#00aa00;1.0;2.0
08_COMPLEXO_DO_VAI_QUEM_QUER/04_COMUNIDADE_DO_PARQUE_ELDORADO.geojson;COMPLEXO DO VAI QUEM QUER;COMUNIDADE DO PARQUE ELDORADO;Parque Eldorado;Polygon;#com_amarelo2120;#00aa00;0.702;#00aa00;1.0;2.0
08_COMPLEXO_DO_VAI_QUEM_QUER/05_COMUNIDADE_DA_CHACARA_RIO_PETROPOLIS.geojson;COMPLEXO DO VAI QUEM QUER;COMUNIDADE DA CHÁCARA RIO-PETRÓPOLIS;COMUNIDADE DA CHÁCARAS RIO -PeTRÓPOLIS;Polygon;#com_amarelo2120;#00aa00;0.702;#00aa00;1.0;2.0
09_COMPLEXO_DE_PARADA_ANGELICA/01_COMUNIDAADE_DE_MORABI.geojson;COMPLEXO DE PARADA ANGÉLICA;COMUNIDAADE DE MORABI;COMUNIDADE DE MORABI;Polygon;#com_vermelho_escuro0;#aa007f;0.6902;#aa007f;1.0;2.0
09_COMPLEXO_DE_PARADA_ANGELICA/02_COMUNIDADE_RODRIGUES_ALVES.geojson;COMPLEXO DE PARADA ANGÉLICA;COMUNIDADE RODRIGUES ALVES;COMUNIDADE RODRIGUES ALVES;Polygon;#com_vermelho_escuro0;#aa007f;0.6902;#aa007f;1.0;2.0
09_COMPLEXO_DE_PARADA_ANGELICA/03_COMUNIDADE_DO_QUINZE.geojson;COMPLEXO DE PARADA ANGÉLICA;COMUNIDADE DO QUINZE;COMUNIDADE DO QUINZE;Polygon;#com_vermelho_escuro0;#aa007f;0.6902;#aa007f;1.0;2.0
09_COMPLEXO_DE_PARADA_ANGELICA/04_COMUNIDADE_DE_SANTA_LUCIA.geojson;COMPLEXO DE PARADA ANGÉLICA;COMUNIDADE DE SANTA LÚCIA;COMUNIDADE DE SANTA LÚCIA;Polygon;#com_vermelho_escuro0;#aa007f;0.6902;#aa007f;1.0;2.0
09_COMPLEXO_DE_PARADA_ANGELICA/05_COMUNIDADE_DE_PARADA_ANGELICA.geojson;COMPLEXO DE PARADA ANGÉLICA;COMUNIDADE DE PARADA ANGÉLICA;COMUNIDADE DE PARADA ANGÉLICA;Polygon;#com_vermelho_escuro0;#aa007f;0.6902;#aa007f;1.0;2.0
10_COMPLEXO_DE_IMBARIE/01_COMUNIDADE_DO_BARRO_BRANCO.geojson;COMPLEXO DE IMBARIÊ;COMUNIDADE DO BARRO BRANCO;Barro Branco;Polygon;#com_vermelho_escuro3;#aa00ff;0.6;#aa00ff;1.0;2.0
10_COMPLEXO_DE_IMBARIE/02_CASINHAS_CONJUNTO_22_DE_ABRIL.geojson;COMPLEXO DE IMBARIÊ;CASINHAS (CONJUNTO 22 DE ABRIL);CASINHAS (CONJUNTO 22 DE ABRIL);Polygon;#com_vermelho_escuro3;#aa00ff;0.6;#aa00ff;1.0;2.0
10_COMPLEXO_DE_IMBARIE/03_COMUNIDADE_CRISTOVAO_COLOMBO.geojson;COMPLEXO DE IMBARIÊ;COMUNIDADE CRISTOVÃO COLOMBO;COMUNIDADE CRISTOVÃO COLOMBO;Polygon;#com_vermelho_escuro3;#aa00ff;0.6;#aa00ff;1.0;2.0
10_COMPLEXO_DE_IMBARIE/04_COMUNIDADE_DA_TAQUARA.geojson;COMPLEXO DE IMBARIÊ;COMUNIDADE DA TAQUARA;COMUNIDADE DA TAQUARA;Polygon;#com_vermelho_escuro3;#aa00ff;0.6;#aa00ff;1.0;2.0
10_COMPLEXO_DE_IMBARIE/05_COMUNIDADE_DA_CANDELARIA.geojson;COMPLEXO DE IMBARIÊ;COMUNIDADE DA CANDELÁRIA;COMUNIDADE DA CANDELÁRIA;Polygon;#com_vermelho_escuro3;#aa00ff;0.6;#aa00ff;1.0;2.0
10_COMPLEXO_DE_IMBARIE/06_COMUNIDADE_DE_NOVA_CAMPINAS_A.geojson;COMPLEXO DE IMBARIÊ;COMUNIDADE DE NOVA CAMPINAS A;COMUNIDADE DE NOVA CAMPINAS A;Polygon;#com_vermelho_escuro3;#aa00ff;0.6;#aa00ff;1.0;2.0
10_COMPLEXO_DE_IMBARIE/07_COMUNIDADE_DE_NOVA_CAMPINAS_B.geojson;COMPLEXO DE IMBARIÊ;COMUNIDADE DE NOVA CAMPINAS B;COMUNIDADE DE NOVA CAMPINAS B;Polygon;#com_vermelho_escuro3;#aa00ff;0.6;#aa00ff;1.0;2.0
10_COMPLEXO_DE_IMBARIE/08_COMUNIDADE_DE_PARQUE_PAULISTA.geojson;COMPLEXO DE IMBARIÊ;COMUNIDADE DE PARQUE PAULISTA;COMUNIDADE DE PARQUE PAULISTA;Polygon;#com_vermelho_escuro3;#aa00ff;0.6;#aa00ff;1.0;2.0
10_COMPLEXO_DE_IMBARIE/09_COMUNIDADE_DE_SANTA_CRUZ_DA_SERRA.geojson;COMPLEXO DE IMBARIÊ;COMUNIDADE DE SANTA CRUZ DA SERRA;COMUNIDADE DE SANTA CRUZ DA SERRA;Polygon;#com_vermelho_escuro3;#aa00ff;0.6;#aa00ff;1.0;2.0
